asset,free,locked
BTC,0.45821000,0.01000000
ETH,3.20140000,0.50000000
BNB,12.40000000,0.00000000
SOL,85.00000000,5.00000000
USDT,15420.55000000,250.00000000
XRP,2500.00000000,0.00000000
ADA,1800.00000000,0.00000000
DOGE,12000.00000000,0.00000000
