asset,balance
ZUSD,15420.5230
XXBT,0.84210000
XETH,4.21100000
SOL,32.50000000
ADA,1200.00000000
USDT,2500.00000000
