pair,altname,ask,bid,last,volume,high,low,open
XXBTZUSD,XBTUSD,67250.10,67248.90,67249.50,1842.55231000,68120.00,66310.40,66980.20
XETHZUSD,ETHUSD,3712.45,3711.80,3712.10,28411.90120000,3805.60,3640.10,3690.55
XXRPZUSD,XRPUSD,0.5234,0.5231,0.5233,15820114.40000000,0.5410,0.5102,0.5188
SOLUSD,SOLUSD,168.42,168.30,168.36,94120.18450000,174.90,162.15,165.70
ADAUSD,ADAUSD,0.4521,0.4518,0.4519,8211044.21000000,0.4680,0.4402,0.4455
DOTUSD,DOTUSD,6.842,6.838,6.840,142880.55000000,7.110,6.620,6.745
XXBTZEUR,XBTEUR,62110.40,62108.20,62109.30,820.41120000,62890.00,61240.10,61870.50
LINKUSD,LINKUSD,17.84,17.82,17.83,210445.90000000,18.55,17.20,17.55
MATICUSD,MATICUSD,0.7211,0.7208,0.7210,5120884.30000000,0.7450,0.6980,0.7120
