pair,time,open,high,low,close,vwap,volume,count
XXBTZUSD,1747008000,66980.20,67340.10,66810.00,67120.40,67050.80,142.41201000,3120
XXBTZUSD,1747011600,67120.40,67510.60,67010.20,67388.90,67280.10,98.55120000,2410
XXBTZUSD,1747015200,67388.90,67620.00,67210.40,67249.50,67410.20,110.20114000,2685
XETHZUSD,1747008000,3690.55,3742.10,3675.20,3712.40,3708.10,1842.21000000,1840
