pair,altname,ask,bid,last,volume,high,low,open
XXBTZUSD,XBTUSD,67250.10,67248.90,67249.50,1842.55231000,68120.00,66310.40,66980.20
XETHZUSD,ETHUSD,3712.45,3711.80,3712.10,28411.90120000,3805.60,3640.10,3690.55
XXRPZUSD,XRPUSD,0.5234,0.5231,0.5233,15820114.40000000,0.5410,0.5102,0.5188
SOLUSD,SOLUSD,168.42,168.30,168.36,94120.18450000,174.90,162.15,165.70
