campaign_id,emails_sent,opens_total,unique_opens,open_rate,clicks_total,unique_clicks,click_rate,unsubscribed,bounces
mc-camp-2000,30,20,18,0.6,5,5,0.15,0,1
mc-camp-2001,31,22,19,0.62,6,6,0.16,0,1
mc-camp-2002,32,24,20,0.64,7,7,0.16999999999999998,0,1
mc-camp-2003,33,26,21,0.6599999999999999,8,8,0.18,0,1
mc-camp-2004,34,28,22,0.6799999999999999,9,9,0.19,0,1
mc-camp-2005,35,30,23,0.7,10,10,0.2,0,1
mc-camp-2006,36,32,24,0.72,11,11,0.21,0,1
mc-camp-2007,37,34,25,0.74,12,12,0.22,0,1
