asset,free,locked
BTC,0.45821000,0.01000000
ETH,3.20140000,0.50000000
BNB,12.40000000,0.00000000
SOL,85.00000000,5.00000000
