asset,balance
ZUSD,0.0000
XXBT,0.00000000
XETH,0.00000000
