asset,free,locked
BTC,0.00000000,0.00000000
ETH,0.00000000,0.00000000
USDT,0.00000000,0.00000000
