asset,balance
XXBT,0.00512000
XETH,0.08200000
SOL,1.42000000
USDT,150.00000000
USDC,45.00000000
ZSEK,780.00
ZEUR,25.00
