asset,free,locked
BTC,0.00100000,0.00000000
