asset,free,locked
BTC,0.04820000,0.00000000
ETH,1.52000000,0.00000000
SOL,18.50000000,0.00000000
USDT,3480.75000000,0.00000000
BNB,0.85000000,0.00000000
