pair,altname,ask,bid,last,volume,high,low,open
XETHZUSD,ETHUSD,3712.45,3711.80,3712.10,28411.90120000,3805.60,3640.10,3690.55
XXBTZUSD,XBTUSD,67250.10,67248.90,67249.50,1842.55231000,68120.00,66310.40,66980.20
